socket,row,station_from_lever,x_mm,y_mm,cpu_pin
L,outer,1,-39.3700,-39.3700,
L,outer,2,-39.3700,-36.8300,
L,outer,3,-39.3700,-34.2900,
L,outer,4,-39.3700,-31.7500,
L,outer,5,-39.3700,-29.2100,
L,outer,6,-39.3700,-26.6700,
L,outer,7,-39.3700,-24.1300,
L,outer,8,-39.3700,-21.5900,
L,outer,9,-39.3700,-19.0500,
L,outer,10,-39.3700,-16.5100,
L,outer,11,-39.3700,-13.9700,
L,outer,12,-39.3700,-11.4300,
L,outer,13,-39.3700,-8.8900,
L,outer,14,-39.3700,-6.3500,
L,outer,15,-39.3700,-3.8100,
L,outer,16,-39.3700,-1.2700,
L,outer,17,-39.3700,1.2700,
L,outer,18,-39.3700,3.8100,
L,outer,19,-39.3700,6.3500,
L,outer,20,-39.3700,8.8900,
L,outer,21,-39.3700,11.4300,
L,outer,22,-39.3700,13.9700,
L,outer,23,-39.3700,16.5100,
L,outer,24,-39.3700,19.0500,
L,outer,25,-39.3700,21.5900,
L,outer,26,-39.3700,24.1300,
L,outer,27,-39.3700,26.6700,
L,outer,28,-39.3700,29.2100,
L,outer,29,-39.3700,31.7500,
L,outer,30,-39.3700,34.2900,
L,outer,31,-39.3700,36.8300,
L,outer,32,-39.3700,39.3700,
L,inner,1,-16.5100,-39.3700,
L,inner,2,-16.5100,-36.8300,1
L,inner,3,-16.5100,-34.2900,2
L,inner,4,-16.5100,-31.7500,3
L,inner,5,-16.5100,-29.2100,4
L,inner,6,-16.5100,-26.6700,5
L,inner,7,-16.5100,-24.1300,6
L,inner,8,-16.5100,-21.5900,7
L,inner,9,-16.5100,-19.0500,8
L,inner,10,-16.5100,-16.5100,9
L,inner,11,-16.5100,-13.9700,10
L,inner,12,-16.5100,-11.4300,11
L,inner,13,-16.5100,-8.8900,12
L,inner,14,-16.5100,-6.3500,13
L,inner,15,-16.5100,-3.8100,14
L,inner,16,-16.5100,-1.2700,15
L,inner,17,-16.5100,1.2700,16
L,inner,18,-16.5100,3.8100,17
L,inner,19,-16.5100,6.3500,18
L,inner,20,-16.5100,8.8900,19
L,inner,21,-16.5100,11.4300,20
L,inner,22,-16.5100,13.9700,21
L,inner,23,-16.5100,16.5100,22
L,inner,24,-16.5100,19.0500,23
L,inner,25,-16.5100,21.5900,24
L,inner,26,-16.5100,24.1300,25
L,inner,27,-16.5100,26.6700,26
L,inner,28,-16.5100,29.2100,27
L,inner,29,-16.5100,31.7500,28
L,inner,30,-16.5100,34.2900,29
L,inner,31,-16.5100,36.8300,30
L,inner,32,-16.5100,39.3700,
R,outer,1,39.3700,39.3700,
R,outer,2,39.3700,36.8300,
R,outer,3,39.3700,34.2900,
R,outer,4,39.3700,31.7500,
R,outer,5,39.3700,29.2100,
R,outer,6,39.3700,26.6700,
R,outer,7,39.3700,24.1300,
R,outer,8,39.3700,21.5900,
R,outer,9,39.3700,19.0500,
R,outer,10,39.3700,16.5100,
R,outer,11,39.3700,13.9700,
R,outer,12,39.3700,11.4300,
R,outer,13,39.3700,8.8900,
R,outer,14,39.3700,6.3500,
R,outer,15,39.3700,3.8100,
R,outer,16,39.3700,1.2700,
R,outer,17,39.3700,-1.2700,
R,outer,18,39.3700,-3.8100,
R,outer,19,39.3700,-6.3500,
R,outer,20,39.3700,-8.8900,
R,outer,21,39.3700,-11.4300,
R,outer,22,39.3700,-13.9700,
R,outer,23,39.3700,-16.5100,
R,outer,24,39.3700,-19.0500,
R,outer,25,39.3700,-21.5900,
R,outer,26,39.3700,-24.1300,
R,outer,27,39.3700,-26.6700,
R,outer,28,39.3700,-29.2100,
R,outer,29,39.3700,-31.7500,
R,outer,30,39.3700,-34.2900,
R,outer,31,39.3700,-36.8300,
R,outer,32,39.3700,-39.3700,
R,inner,1,16.5100,39.3700,
R,inner,2,16.5100,36.8300,31
R,inner,3,16.5100,34.2900,32
R,inner,4,16.5100,31.7500,33
R,inner,5,16.5100,29.2100,34
R,inner,6,16.5100,26.6700,35
R,inner,7,16.5100,24.1300,36
R,inner,8,16.5100,21.5900,37
R,inner,9,16.5100,19.0500,38
R,inner,10,16.5100,16.5100,39
R,inner,11,16.5100,13.9700,40
R,inner,12,16.5100,11.4300,41
R,inner,13,16.5100,8.8900,42
R,inner,14,16.5100,6.3500,43
R,inner,15,16.5100,3.8100,44
R,inner,16,16.5100,1.2700,45
R,inner,17,16.5100,-1.2700,46
R,inner,18,16.5100,-3.8100,47
R,inner,19,16.5100,-6.3500,48
R,inner,20,16.5100,-8.8900,49
R,inner,21,16.5100,-11.4300,50
R,inner,22,16.5100,-13.9700,51
R,inner,23,16.5100,-16.5100,52
R,inner,24,16.5100,-19.0500,53
R,inner,25,16.5100,-21.5900,54
R,inner,26,16.5100,-24.1300,55
R,inner,27,16.5100,-26.6700,56
R,inner,28,16.5100,-29.2100,57
R,inner,29,16.5100,-31.7500,58
R,inner,30,16.5100,-34.2900,59
R,inner,31,16.5100,-36.8300,60
R,inner,32,16.5100,-39.3700,
